{"flutter":{"platforms":{"android":{"default":{"projectId":"projetflutter2024-9119b","appId":"1:284812893790:android:44919b911e46464e1b1ecf","fileOutput":"android/app/google-services.json"}},"dart":{"lib/firebase_options.dart":{"projectId":"projetflutter2024-9119b","configurations":{"android":"1:284812893790:android:44919b911e46464e1b1ecf","ios":"1:284812893790:ios:cbde81c376196bfe1b1ecf","macos":"1:284812893790:ios:cbde81c376196bfe1b1ecf","web":"1:284812893790:web:986feac6b8638c221b1ecf","windows":"1:284812893790:web:a8b8080bff291dd81b1ecf"}}}}}}