{
  "project_info": {
    "project_number": "284812893790",
    "project_id": "projetflutter2024-9119b",
    "storage_bucket": "projetflutter2024-9119b.firebasestorage.app"
  },
  "client": [
    {
      "client_info": {
        "mobilesdk_app_id": "1:284812893790:android:44919b911e46464e1b1ecf",
        "android_client_info": {
          "package_name": "com.example.projet_flutter_2024"
        }
      },
      "oauth_client": [
        {
          "client_id": "284812893790-2aeqshih1d8j235nm6pq8e6njfmhdsvj.apps.googleusercontent.com",
          "client_type": 1,
          "android_info": {
            "package_name": "com.example.projet_flutter_2024",
            "certificate_hash": "725ae2e7f4529401eb958c36ffb94a5cb912601c"
          }
        },
        {
          "client_id": "284812893790-lfjfn2vfhh8r7m9hn54v3p1cm2fnvde0.apps.googleusercontent.com",
          "client_type": 3
        }
      ],
      "api_key": [
        {
          "current_key": "AIzaSyBf8idZqCb1zA4Rvspq66g99cHhGGT0IZs"
        }
      ],
      "services": {
        "appinvite_service": {
          "other_platform_oauth_client": [
            {
              "client_id": "284812893790-lfjfn2vfhh8r7m9hn54v3p1cm2fnvde0.apps.googleusercontent.com",
              "client_type": 3
            },
            {
              "client_id": "284812893790-ssfdjpio5sjtl20j2ta2fkvu170sm0ik.apps.googleusercontent.com",
              "client_type": 2,
              "ios_info": {
                "bundle_id": "com.example.projetFlutter2024"
              }
            }
          ]
        }
      }
    }
  ],
  "configuration_version": "1"
}